1x,Academy Ruins,Double Masters,2020-08-07
1x,Arcane Signet,Ikoria Commander,2020-04-24
1x,Arid Mesa,Zendikar,2009-10-02
1x,Artful Dodge,Dark Ascension,2012-02-03
1x,Assemble the Legion,Gatecrash,2013-02-01
1x,Austere Command,Lorwyn,2007-10-12
1x,Azorius Signet,Ravnica Kit Series 2,2019-02-15
1x,Bloodwater Entity,Hour of Devastation,2017-07-14
1x,Boros Charm,Guild Kit Series 1,2018-09-29
1x,Brainstorm,Conspiracy,2014-06-06
1x,Castle Ardenvale,Throne of Eldraine,2019-10-04
1x,Castle Vantress,Throne of Eldraine,2019-10-04
1x,Chromatic Lantern,Guilds of Ravnica,2018-10-05
1x,Chrome Mox,Eternal Masters,2016-06-10
1x,Cloud Key,Future Sight,2007-05-24
1x,Command Tower,Commander Legends,2020-11-20
1x,Cyclonic Rift,Return to Ravnica,2012-10-05
1x,Descent of the Dragons,Dragons of Tarkir,2015-03-27
1x,Divine Visitation,Guilds of Ravnica,2018-10-05
1x,Dovin's Veto,War of the Spark,2019-05-03
1x,Dramatic Reversal,Kaladesh,2016-09-30
1x,Echo of Eons,Modern Horizons,2019-06-14
1x,Elsha of the Infinite,Commander 2019,2019-08-23
1x,"Elspeth, Sun's Champion",Theros,2013-09-27
1x,Enlightened Tutor,Eternal Masters,2016-06-10
1x,Etherium Sculptor,Modern Masters,2013-06-07
1x,Fabled Passage,Throne of Eldraine,2019-10-04
1x,Fervor,Magic 2013,2012-07-13
1x,Fiery Islet,Modern Horizons,2019-06-14
1x,Finale of Promise,War of the Spark,2019-05-03
1x,Firebrand Archer,Hour of Devastation,2017-07-14
1x,Force of Negation,Modern Horizons,2019-06-14
1x,Generous Gift,Modern Horizons,2019-06-14
1x,Glacial Fortress,Ixalan,2017-09-29
1x,Guttersnipe,Return to Ravnica,2012-10-05
1x,Hall of Heliod's Generosity,Modern Horizons,2019-06-14
1x,Hallowed Fountain,Ravnica Allegiance,2019-01-25
1x,Hindering Light,Shards of Alara,2008-10-03
1x,Idyllic Tutor,Morningtide,2008-02-01
1x,Increasing Devotion,Dark Ascension,2012-02-03
1x,Increasing Vengeance,Dark Ascension,2012-02-03
1x,Index,Magic 2013,2012-07-13
3x,Island,Unhinged,2004-19-20
1x,Isochron Scepter,Eternal Masters,2016-06-10
1x,Izzet Signet,Guild Kit Series 1,2018-09-29
1x,"Jace, the Mind Sculptor",Worldwake,2010-02-05
1x,Jeskai Ascendancy,Khans of Tarkir,2014-09-26
1x,"Kykar, Wind's Fury",Core Set 2020,2019-07-21
1x,Marsh Flats,Zendikar,2009-10-02
1x,Metallurgic Summonings,Kaladesh,2016-09-30
1x,Monastery Mentor,Fate Reforged,2015-01-23
1x,Mountain,Unhinged,2004-19-20
1x,Mystic Sanctuary,Throne of Eldraine,2019-10-04
1x,Mystical Tutor,Eternal Masters,2016-06-10
1x,Past in Flames,Innistrad,2011-09-30
1x,Path to Exile,Conflux,2009-02-06
1x,Plains,Unhinged,2004-19-20
1x,Plateau,Beta,1993-08-05
1x,Ponder,Magic 2010,2009-07-17
1x,Precognition Field,Dominaria,2018-04-27
1x,Preordain,Magic 2011,2010-07-16
1x,Prismatic Vista,Modern Horizons,2019-06-14
1x,Reflecting Pool,Judge Promos 2019,2019-01-01
1x,Revoke Existence,Scars of Mirrodin,2010-10-01
1x,Rite of Replication,Zendikar,2009-10-02
1x,Sacred Foundry,Guilds of Ravnica,2018-10-05
1x,"Saheeli, Sublime Artificer",War of the Spark,2019-05-03
1x,Scalding Tarn,Zendikar,2009-10-02
1x,Scroll Rack,Masterpiece: Kaladesh,2016-09-29
1x,Sea of Clouds,Battlebond,2018-06-08
1x,See the Truth,Core Set 2021,2020-07-01
1x,Sejiri Shelter // Sejiri Glacier,Zendikar Rising,2020-09-18
1x,Sensei's Divining Top,Eternal Masters,2016-06-10
1x,Shark Typhoon,Ikoria: Lair of Behemoths,2020-04-24
1x,"Shatterskull Smashing // Shatterskull, the Hammer Pass",Zendikar Rising,2020-09-18
1x,Silundi Vision // Silundi Isle,Zendikar Rising,2020-09-18
1x,Smothering Tithe,Ravnica Allegiance,2019-01-25
1x,Snapcaster Mage,Innistrad,2011-09-30
1x,Sol Ring,Commander 2019,2019-08-23
1x,Spectator Seating,Commander Legends,2020-11-20
1x,Steam Vents,Guilds of Ravnica,2018-10-05
1x,Sulfur Falls,Dominaria,2018-04-27
1x,Sunbaked Canyon,Modern Horizons,2019-06-14
1x,Talisman of Conviction,Modern Horizons,2019-06-14
1x,Talisman of Creativity,Modern Horizons,2019-06-14
1x,"Talrand, Sky Summoner",Magic 2013,2012-07-13
1x,Temple of Epiphany,Core Set 2020,2019-07-21
1x,Temple of Triumph,Core Set 2020,2019-07-21
1x,Tormod's Crypt,Magic 2015,2014-07-18
1x,Training Center,Commander Legends,2020-11-20
1x,Tundra,Beta,1993-08-05
1x,Turn Aside,Scars of Mirrodin,2010-10-01
1x,Vandalblast,Return to Ravnica,2012-10-05
1x,Volcanic Island,Beta,1993-08-05
1x,Wasteland,Zendikar Rising Expedition,2020-09-18
1x,Wear // Tear,Dragons Maze,2013-05-03
1x,Winds of Abandon,Modern Horizons,2019-06-14
1x,Young Pyromancer,Magic 2014,2013-07-19
